Numéro Région,libellé,nom court,secteur d'établissement,Région,Departement2,Page Wikipédia en français,géolocalisation,latitude_ecole,longitude_ecole
24,Casa de Velázquez de Madrid,,public,Étranger,28,https://fr.wikipedia.org/wiki/Casa_de_Vel%C3%A1zquez,"40.44138, -3.73045",40.44138,-3.73045
11,École des hautes études commerciales de Paris,HEC Paris,privé,Île-de-France,78,https://fr.wikipedia.org/wiki/HEC_Paris,"48.757325, 2.169014",48.757325,2.169014
11,École nationale supérieure de création industrielle - Les Ateliers,Ensci-Les Ateliers,public,Île-de-France,75,https://fr.wikipedia.org/wiki/%C3%89cole_nationale_sup%C3%A9rieure_de_cr%C3%A9ation_industrielle,"48.8584, 2.36934",48.8584,2.36934
32,École supérieure de chimie organique et minérale,,privé,Hauts-de-France,60,https://fr.wikipedia.org/wiki/%C3%89cole_sup%C3%A9rieure_de_chimie_organique_et_min%C3%A9rale,"49.40196, 2.80246",49.40196,2.80246
44,École supérieure d'ingénieurs des travaux de la construction de Metz,ESITC de Metz,privé,Grand Est,57,https://fr.wikipedia.org/wiki/%C3%89cole_sup%C3%A9rieure_d%27ing%C3%A9nieurs_des_travaux_de_la_construction_de_Metz,"49.10042, 6.21616",49.10042,6.21616
28,École supérieure d'ingénieurs en génie électrique,ESIGELEC,privé,Normandie,76,https://fr.wikipedia.org/wiki/%C3%89cole_sup%C3%A9rieure_d%27ing%C3%A9nieurs_en_g%C3%A9nie_%C3%A9lectrique,"49.38364, 1.07715",49.38364,1.07715
11,École supérieure d'ingénieurs Léonard-de-Vinci,ESILV,privé,Île-de-France,92,https://fr.wikipedia.org/wiki/%C3%89cole_sup%C3%A9rieure_d%27ing%C3%A9nieurs_L%C3%A9onard-de-Vinci,"48.896387417065654, 2.236399054527283",48.896387417065654,2.236399054527283
11,ESIEE-IT,,privé,Île-de-France,95,,"49.043554, 2.081926",49.043554,2.081926
52,Le Mans Université,,public,Pays de la Loire,72,https://fr.wikipedia.org/wiki/Universit%C3%A9_du_Mans,"48.0148, 0.159251",48.0148,0.159251
0,Université de Corse Pasquale Paoli,Université Corse,public,Corse,20,https://fr.wikipedia.org/wiki/Universit%C3%A9_de_Corse-Pascal-Paoli,"42.30048, 9.15328",42.30048,9.15328
11,Université Paris 1 - Panthéon Sorbonne,Paris 1,public,Île-de-France,75,https://fr.wikipedia.org/wiki/Universit%C3%A9_Paris_1_Panth%C3%A9on-Sorbonne,"48.8468, 2.34488",48.8468,2.34488
44,Institut national du service public,,public,Grand Est,67,https://fr.wikipedia.org/wiki/Institut_national_du_service_public,"48.581336, 7.737568",48.581336,7.737568
75,École nationale supérieure des sciences agronomiques de Bordeaux Aquitaine,Bordeaux Sciences Agro,public,Nouvelle-Aquitaine,33,https://fr.wikipedia.org/wiki/%C3%89cole_nationale_sup%C3%A9rieure_des_sciences_agronomiques_de_Bordeaux_Aquitaine,"44.792718, -0.608576",44.792718,-0.608576
28,École nationale supérieure d'ingénieurs de Caen,ENSI Caen,public,Normandie,14,https://fr.wikipedia.org/wiki/%C3%89cole_nationale_sup%C3%A9rieure_d%27ing%C3%A9nieurs_de_Caen,"49.21467, -0.36735",49.21467,-0.36735
75,École supérieure des technologies industrielles avancées,ESTIA,privé,Nouvelle-Aquitaine,64,https://fr.wikipedia.org/wiki/%C3%89cole_sup%C3%A9rieure_des_technologies_industrielles_avanc%C3%A9es,"43.44613, -1.55395",43.44613,-1.55395
52,École supérieure du bois,ESB Nantes,privé,Pays de la Loire,44,https://fr.wikipedia.org/wiki/%C3%89cole_sup%C3%A9rieure_du_bois,"47.284, -1.514663",47.284,-1.514663
32,Institut supérieur d'agriculture de Lille,ISA Lille,privé,Hauts-de-France,59,https://fr.wikipedia.org/wiki/ISA_Lille_-_Junia,"50.63380812638809, 3.046694397926331",50.63380812638809,3.046694397926331
53,Rennes School of Business,Rennes SB,privé,Bretagne,35,https://fr.wikipedia.org/wiki/Rennes_School_of_Business,"48.127773, -1.69295",48.127773,-1.69295
75,Université Bordeaux Montaigne,,public,Nouvelle-Aquitaine,33,https://fr.wikipedia.org/wiki/Universit%C3%A9_Bordeaux-Montaigne,"44.8015, -0.615058",44.8015,-0.615058
75,Université de Bordeaux,UBx,public,Nouvelle-Aquitaine,33,https://fr.wikipedia.org/wiki/Universit%C3%A9_de_Bordeaux,"44.809966, -0.596578",44.809966,-0.596578
11,Université Gustave Eiffel,,public,Île-de-France,77,https://fr.wikipedia.org/wiki/Universit%C3%A9_Gustave-Eiffel,"48.83915, 2.58747",48.83915,2.58747
32,Junia,,privé,Hauts-de-France,59,,"50.63385, 3.04665",50.63385,3.04665
11,CESI,,privé,Île-de-France,92,https://fr.wikipedia.org/wiki/CESI_(enseignement),"48.88976, 2.24012",48.88976,2.24012
11,École nationale supérieure d’architecture de Versailles,ENSA-V,public,Île-de-France,78,https://fr.wikipedia.org/wiki/%C3%89cole_nationale_sup%C3%A9rieure_d%27architecture_de_Versailles,"48.8008, 2.12753",48.8008,2.12753
11,École nationale supérieure de paysage,ENSP,public,Île-de-France,78,https://fr.wikipedia.org/wiki/%C3%89cole_nationale_sup%C3%A9rieure_de_paysage_de_Versailles,"48.799059, 2.123464",48.799059,2.123464
11,École nationale supérieure du pétrole et des moteurs,IFP school,public,Île-de-France,92,https://fr.wikipedia.org/wiki/%C3%89cole_nationale_sup%C3%A9rieure_du_p%C3%A9trole_et_des_moteurs,"48.877622, 2.172404",48.877622,2.172404
28,École supérieure d'arts et médias de Caen - Cherbourg,ÉSAM Caen/Cherbourg,public,Normandie,14,https://fr.wikipedia.org/wiki/%C3%89cole_sup%C3%A9rieure_d%27arts_et_m%C3%A9dias_de_Caen-Cherbourg,"49.180866, -0.346302",49.180866,-0.346302
84,Université Jean Moulin - Lyon 3,Lyon III,public,Auvergne-Rhône-Alpes,69,https://fr.wikipedia.org/wiki/Universit%C3%A9_Jean-Moulin-Lyon-III,"45.747027, 4.860547",45.747027,4.860547
76,"Centre de ressources, d'expertise et de performance sportives de Toulouse",CREPS Toulouse,public,Occitanie,31,,"43.56992, 1.47394",43.56992,1.47394
32,École des hautes études commerciales du nord,Edhec,privé,Hauts-de-France,59,https://fr.wikipedia.org/wiki/EDHEC_Business_School,"50.67306, 3.16605",50.67306,3.16605
75,École d'ingénieurs des sciences aérospatiales,ELISA,privé,Nouvelle-Aquitaine,33,https://fr.wikipedia.org/wiki/%C3%89cole_d%27ing%C3%A9nieurs_des_sciences_a%C3%A9rospatiales,"44.800616, -0.777097",44.800616,-0.777097
76,École nationale de l'aviation civile,ENAC,public,Occitanie,31,https://fr.wikipedia.org/wiki/%C3%89cole_nationale_de_l%27aviation_civile,"43.565904, 1.480601",43.565904,1.480601
44,École nationale supérieure d'architecture de Strasbourg,ENSAS,public,Grand Est,67,https://fr.wikipedia.org/wiki/%C3%89cole_nationale_sup%C3%A9rieure_d%27architecture_de_Strasbourg,"48.58582, 7.73711",48.58582,7.73711
52,École supérieure angevine en informatique et productique,ESAIP,privé,Pays de la Loire,49,https://fr.wikipedia.org/wiki/Esaip_%C3%A9cole_d%27ing%C3%A9nieurs,"47.46355710615347, -0.49745321273803716",47.46355710615347,-0.49745321273803716
44,Haute école des arts du Rhin,HEAR,public,Grand Est,67,https://fr.wikipedia.org/wiki/Haute_%C3%89cole_des_arts_du_Rhin,"48.582371, 7.759293",48.582371,7.759293
32,Institut catholique de Lille,,privé,Hauts-de-France,59,https://fr.wikipedia.org/wiki/Universit%C3%A9_catholique_de_Lille,"50.6330901906103, 3.0467104911804204",50.6330901906103,3.0467104911804204
84,Institut national des sciences appliquées de Lyon,INSA de Lyon,public,Auvergne-Rhône-Alpes,69,https://fr.wikipedia.org/wiki/Institut_national_des_sciences_appliqu%C3%A9es_de_Lyon,"45.78262388935692, 4.878010153770448",45.78262388935692,4.878010153770448
11,Institut protestant de théologie,IPT,privé,Île-de-France,75,https://fr.wikipedia.org/wiki/Facult%C3%A9_de_th%C3%A9ologie_protestante_de_Paris,"48.834229, 2.337221",48.834229,2.337221
44,Université de Haute-Alsace,,public,Grand Est,68,https://fr.wikipedia.org/wiki/Universit%C3%A9_de_Haute-Alsace,"47.7323, 7.31485",47.7323,7.31485
0,Université de La Réunion,,public,La Réunion,97,https://fr.wikipedia.org/wiki/Universit%C3%A9_de_La_R%C3%A9union,"-20.9019, 55.4843",-20.9019,55.4843
28,Université de Rouen Normandie,,public,Normandie,76,https://fr.wikipedia.org/wiki/Universit%C3%A9_de_Rouen-Normandie,"49.4583, 1.06895",49.4583,1.06895
76,Université Toulouse Capitole,UT Capitole,public,Occitanie,31,,"43.606087, 1.438184",43.606087,1.438184
76,Université de technologie Tarbes Occitanie Pyrénées,,public,Occitanie,65,,"43.225181, 0.05325",43.225181,0.05325
11,École spéciale de mécanique et d'électricité,ESME Sudria,privé,Île-de-France,94,https://fr.wikipedia.org/wiki/%C3%89cole_sp%C3%A9ciale_de_m%C3%A9canique_et_d%27%C3%A9lectricit%C3%A9,"48.81413, 2.392969",48.81413,2.392969
52,Institut catholique de Vendée,ICES,privé,Pays de la Loire,85,https://fr.wikipedia.org/wiki/Institut_catholique_de_Vend%C3%A9e,"46.67251, -1.41955",46.67251,-1.41955
76,Institut national des sciences appliquées de Toulouse,INSA de Toulouse,public,Occitanie,31,https://fr.wikipedia.org/wiki/Institut_national_des_sciences_appliqu%C3%A9es_de_Toulouse,"43.56960616644996, 1.4677691459655764",43.56960616644996,1.4677691459655764
75,La Rochelle Université,Université La Rochelle,public,Nouvelle-Aquitaine,17,https://fr.wikipedia.org/wiki/Universit%C3%A9_de_La_Rochelle,"46.14774, -1.15504",46.14774,-1.15504
44,Université de Lorraine,,public,Grand Est,54,https://fr.wikipedia.org/wiki/Universit%C3%A9_de_Lorraine,"48.69614438320864, 6.176607012748719",48.69614438320864,6.176607012748719
11,Université Sorbonne Paris Nord,,public,Île-de-France,93,https://fr.wikipedia.org/wiki/Universit%C3%A9_Sorbonne-Paris-Nord,"48.95793, 2.34071",48.95793,2.34071
76,Université Toulouse - Jean Jaurès,,public,Occitanie,31,https://fr.wikipedia.org/wiki/Universit%C3%A9_Toulouse-Jean-Jaur%C3%A8s,"43.57954, 1.40235",43.57954,1.40235
32,Université de Lille,,public,Hauts-de-France,59,,"50.631794, 3.07526",50.631794,3.07526
84,Centrale Lyon,EC Lyon,public,Auvergne-Rhône-Alpes,69,https://fr.wikipedia.org/wiki/%C3%89cole_centrale_de_Lyon,"45.78299, 4.76927",45.78299,4.76927
11,École centrale d'électronique,ECE,privé,Île-de-France,75,https://fr.wikipedia.org/wiki/%C3%89cole_centrale_d%27%C3%A9lectronique,"48.85152, 2.28683",48.85152,2.28683
11,École supérieure des sciences économiques et commerciales,,privé,Île-de-France,95,https://fr.wikipedia.org/wiki/ESSEC_Business_School,"49.03397, 2.078427",49.03397,2.078427
11,Sciences Po,IEP de Paris,public,Île-de-France,75,https://fr.wikipedia.org/wiki/Institut_d%27%C3%A9tudes_politiques_de_Paris,"48.85412, 2.32842",48.85412,2.32842
28,Neoma Business School,Neoma BS,privé,Normandie,76,https://fr.wikipedia.org/wiki/Neoma_Business_School,"49.4631, 1.063824",49.4631,1.063824
27,Université Bourgogne Europe,,public,Bourgogne-Franche-Comté,21,,"47.31326427033337, 5.068940520286561",47.31326427033337,5.068940520286561
76,Université de Montpellier Paul-Valéry,,public,Occitanie,34,,"43.6324177950831, 3.870170116424561",43.6324177950831,3.870170116424561
11,Université Paris-Saclay,,public,Île-de-France,91,https://fr.wikipedia.org/wiki/Universit%C3%A9_Paris-Saclay,"48.709629, 2.170077",48.709629,2.170077
11,"Institut Mines-Télécom, au périmètre des écoles IMT Atlantique, Lille Douai, Albi, Alès, Mines Saint-Étienne et Institut Mines-Télécom Business school",,public,Île-de-France,91,https://fr.wikipedia.org/wiki/Institut_Mines-T%C3%A9l%C3%A9com,"48.7132, 2.19972",48.7132,2.19972
11,ECAM-EPMI,ECAM-EPMI,privé,Île-de-France,95,https://fr.wikipedia.org/wiki/ECAM-EPMI,"49.031763, 2.074459",49.031763,2.074459
44,École nationale du génie de l'eau et de l'environnement de Strasbourg,,public,Grand Est,67,https://fr.wikipedia.org/wiki/%C3%89cole_nationale_du_g%C3%A9nie_de_l%27eau_et_de_l%27environnement_de_Strasbourg,"48.580797, 7.758744",48.580797,7.758744
11,École nationale supérieure des métiers de l'image et du son,La Fémis,public,Île-de-France,75,https://fr.wikipedia.org/wiki/La_F%C3%A9mis,"48.89055, 2.34257",48.89055,2.34257
11,EPF - École d'ingénieurs,EPF,privé,Île-de-France,94,https://fr.wikipedia.org/wiki/EPF_(%C3%A9cole_d%27ing%C3%A9nieurs),"48.79218, 2.329213",48.79218,2.329213
24,Institut national des sciences appliquées Centre Val de Loire,INSA Centre Val de Loire,public,Centre-Val de Loire,18,https://fr.wikipedia.org/wiki/Institut_national_des_sciences_appliqu%C3%A9es_Centre-Val_de_Loire,"47.0821667774133, 2.416074872016907",47.0821667774133,2.416074872016907
11,Institut national du patrimoine,,public,Île-de-France,75,https://fr.wikipedia.org/wiki/Institut_national_du_patrimoine_(France),"48.86661, 2.33907",48.86661,2.33907
76,Institut supérieur de l'aéronautique et de l'espace,ISAE-SUPAERO,public,Occitanie,31,https://fr.wikipedia.org/wiki/Institut_sup%C3%A9rieur_de_l%27a%C3%A9ronautique_et_de_l%27espace,"43.5656, 1.47408",43.5656,1.47408
44,Université de Strasbourg,,public,Grand Est,67,https://fr.wikipedia.org/wiki/Universit%C3%A9_de_Strasbourg,"48.57872, 7.76465",48.57872,7.76465
32,Université Polytechnique Hauts-de-France,,public,Hauts-de-France,59,https://fr.wikipedia.org/wiki/Universit%C3%A9_polytechnique_Hauts-de-France,"50.32622, 3.51056",50.32622,3.51056
84,École catholique des arts et métiers,ECAM Lasalle,privé,Auvergne-Rhône-Alpes,69,https://fr.wikipedia.org/wiki/ECAM_LaSalle,"45.76391, 4.82518",45.76391,4.82518
11,École de management Léonard De Vinci,EMLV,privé,Île-de-France,92,,"48.8962, 2.2359",48.8962,2.2359
27,Burgundy School of Business,,privé,Bourgogne-Franche-Comté,21,https://fr.wikipedia.org/wiki/Burgundy_School_of_Business,"47.32806, 5.04142",47.32806,5.04142
11,ESCP Business School,,privé,Île-de-France,75,https://fr.wikipedia.org/wiki/ESCP_Business_School,"48.842394, 2.317575",48.842394,2.317575
76,Institut français d'archéologie orientale du Caire,IFAO,public,Étranger,11,https://fr.wikipedia.org/wiki/Institut_fran%C3%A7ais_d%27arch%C3%A9ologie_orientale,"30.0328599, 31.2352879",30.0328599,31.2352879
53,Université de Brest,,public,Bretagne,29,,"48.39905661506747, -4.503364562988282",48.39905661506747,-4.503364562988282
75,Université de Pau et des Pays de l'Adour,,public,Nouvelle-Aquitaine,64,https://fr.wikipedia.org/wiki/Universit%C3%A9_de_Pau_et_des_pays_de_l%27Adour,"43.31372, -0.36509",43.31372,-0.36509
32,Université de Technologie de Compiègne,,public,Hauts-de-France,60,https://fr.wikipedia.org/wiki/Universit%C3%A9_de_technologie_de_Compi%C3%A8gne,"49.40024, 2.800108",49.40024,2.800108
44,Centre national des arts du cirque,CNAC,privé,Grand Est,51,https://fr.wikipedia.org/wiki/Centre_national_des_arts_du_cirque,"48.95119, 4.36256",48.95119,4.36256
75,Excelia Group,Excelia,privé,Nouvelle-Aquitaine,17,https://fr.wikipedia.org/wiki/Excelia,"46.14069, -1.15616",46.14069,-1.15616
75,Institut d'ingénierie informatique de Limoges,3IL,privé,Nouvelle-Aquitaine,87,https://fr.wikipedia.org/wiki/Institut_d%27ing%C3%A9nierie_informatique_de_Limoges,"45.81879933351791, 1.2718766927719118",45.81879933351791,1.2718766927719118
28,Institut national des sciences appliquées de Rouen Normandie,INSA de Rouen Normandie,public,Normandie,76,https://fr.wikipedia.org/wiki/Institut_national_des_sciences_appliqu%C3%A9es_de_Rouen,"49.3852, 1.06839",49.3852,1.06839
27,Université Marie et Louis Pasteur,,public,Bourgogne-Franche-Comté,25,,"47.240643, 6.02313",47.240643,6.02313
52,Nantes Université,,public,Pays de la Loire,44,https://fr.wikipedia.org/wiki/Nantes_Universit%C3%A9,"47.209413, -1.555908",47.209413,-1.555908
11,CY Cergy Paris Université,,public,Île-de-France,95,https://fr.wikipedia.org/wiki/CY_Cergy_Paris_Universit%C3%A9,"49.03889, 2.07415",49.03889,2.07415
84,École nationale des travaux publics de l'État,,public,Auvergne-Rhône-Alpes,69,https://fr.wikipedia.org/wiki/%C3%89cole_nationale_des_travaux_publics_de_l%27%C3%89tat,"45.77840382390363, 4.92339849472046",45.77840382390363,4.92339849472046
11,Arts et Métiers Sciences et Technologies,Arts et Métiers,public,Île-de-France,75,https://fr.wikipedia.org/wiki/%C3%89cole_nationale_sup%C3%A9rieure_d%27arts_et_m%C3%A9tiers,"48.83357, 2.35831",48.83357,2.35831
32,École supérieure d'art et de design d'Amiens,Ésad Amiens,public,Hauts-de-France,80,https://fr.wikipedia.org/wiki/%C3%89cole_sup%C3%A9rieure_d%27art_et_de_design_d%27Amiens,"49.90229, 2.29326",49.90229,2.29326
44,ICN Business School,,privé,Grand Est,54,https://fr.wikipedia.org/wiki/ICN_Business_School,"48.67419, 6.17029",48.67419,6.17029
76,Institut catholique de Toulouse,,privé,Occitanie,31,https://fr.wikipedia.org/wiki/Institut_catholique_de_Toulouse,"43.59529, 1.44233",43.59529,1.44233
32,Institut d'économie scientifique et de gestion,IÉSEG,privé,Hauts-de-France,59,https://fr.wikipedia.org/wiki/I%C3%89SEG_School_of_Management,"50.63538, 3.04488",50.63538,3.04488
52,Institut des relations publiques et de la communication d’Angers,Ircom,privé,Pays de la Loire,49,,"47.44304, -0.53222",47.44304,-0.53222
27,École supérieure des technologies et des affaires de Belfort,ESTA Belfort,privé,Bourgogne-Franche-Comté,90,,"47.6403207998, 6.86085341826",47.6403207998,6.86085341826
11,Collège de France,,public,Île-de-France,75,https://fr.wikipedia.org/wiki/Coll%C3%A8ge_de_France,"48.84879, 2.34534",48.84879,2.34534
11,Institut européen d'administration des affaires,,privé,Île-de-France,77,https://fr.wikipedia.org/wiki/Institut_europ%C3%A9en_d%27administration_des_affaires,"48.4054, 2.68529",48.4054,2.68529
11,Institut national supérieur de formation et de recherche pour l'éducation inclusive,INSEI,public,Île-de-France,92,https://fr.wikipedia.org/wiki/Institut_national_sup%C3%A9rieur_de_formation_et_de_recherche_pour_l%27%C3%A9ducation_inclusive,"48.86853, 2.21315",48.86853,2.21315
32,Institut polytechnique UniLaSalle,UniLaSalle,privé,Hauts-de-France,60,https://fr.wikipedia.org/wiki/Institut_polytechnique_UniLaSalle,"49.45971, 2.06792",49.45971,2.06792
11,Institut supérieur d'électronique de Paris,,privé,Île-de-France,75,https://fr.wikipedia.org/wiki/Institut_sup%C3%A9rieur_d%27%C3%A9lectronique_de_Paris,"48.84531, 2.32804",48.84531,2.32804
84,Université Claude Bernard - Lyon 1,Lyon I,public,Auvergne-Rhône-Alpes,69,https://fr.wikipedia.org/wiki/Universit%C3%A9_Claude-Bernard-Lyon-I,"45.77962, 4.86518",45.77962,4.86518
84,Université Clermont Auvergne,,public,Auvergne-Rhône-Alpes,63,https://fr.wikipedia.org/wiki/Universit%C3%A9_Clermont-Auvergne,"45.77056, 3.08791",45.77056,3.08791
11,Conservatoire national supérieur de musique et de danse de Paris,CNSMDP,public,Île-de-France,75,https://fr.wikipedia.org/wiki/Conservatoire_national_sup%C3%A9rieur_de_musique_et_de_danse_de_Paris,"48.88882, 2.39076",48.88882,2.39076
11,École nationale supérieure Louis Lumière,ENS Louis Lumière,public,Île-de-France,93,https://fr.wikipedia.org/wiki/%C3%89cole_nationale_sup%C3%A9rieure_Louis-Lumi%C3%A8re,"48.922189, 2.335657",48.922189,2.335657
76,École nationale vétérinaire de Toulouse,,public,Occitanie,31,https://fr.wikipedia.org/wiki/%C3%89cole_nationale_v%C3%A9t%C3%A9rinaire_de_Toulouse,"43.6004, 1.3819",43.6004,1.3819
11,"École spéciale des travaux publics, du bâtiment et de l'industrie",ESTP,privé,Île-de-France,94,"https://fr.wikipedia.org/wiki/%C3%89cole_sp%C3%A9ciale_des_travaux_publics,_du_b%C3%A2timent_et_de_l%27industrie","48.79422078629043, 2.328532934188843",48.79422078629043,2.328532934188843
11,École supérieure d'informatique électronique automatique,,privé,Île-de-France,75,https://fr.wikipedia.org/wiki/%C3%89cole_sup%C3%A9rieure_d%27informatique_%C3%A9lectronique_automatique,"48.83788, 2.352616",48.83788,2.352616
11,Institut catholique de Paris,,privé,Île-de-France,75,https://fr.wikipedia.org/wiki/Institut_catholique_de_Paris,"48.8483, 2.32936",48.8483,2.32936
84,Vet Agro Sup,Vet Agro Sup,public,Auvergne-Rhône-Alpes,69,"https://fr.wikipedia.org/wiki/Institut_national_d%27enseignement_sup%C3%A9rieur_et_de_recherche_en_alimentation,_sant%C3%A9_animale,_sciences_agronomiques_et_de_l%27environnement","45.793314788437215, 4.711171388626099",45.793314788437215,4.711171388626099
44,Institut régional du travail social de Champagne-Ardennes,IRTS Champagne-Ardenne,privé,Grand Est,51,,"49.231082, 4.002474",49.231082,4.002474
11,Sorbonne Université,Sorbonne U,public,Île-de-France,75,https://fr.wikipedia.org/wiki/Sorbonne_Universit%C3%A9,"48.85114773764701, 2.3403829336166386",48.85114773764701,2.3403829336166386
75,Université de Limoges,,public,Nouvelle-Aquitaine,87,https://fr.wikipedia.org/wiki/Universit%C3%A9_de_Limoges,"45.82604, 1.25853",45.82604,1.25853
44,Université de technologie de Troyes,,public,Grand Est,10,https://fr.wikipedia.org/wiki/Universit%C3%A9_de_technologie_de_Troyes,"48.26834, 4.06794",48.26834,4.06794
11,Université Sorbonne Nouvelle - Paris 3,Paris III,public,Île-de-France,75,https://fr.wikipedia.org/wiki/Universit%C3%A9_Sorbonne-Nouvelle,"48.844881806752355, 2.39701509475708",48.844881806752355,2.39701509475708
11,École nationale supérieure d'arts de Paris-Cergy,ENSAPC,public,Île-de-France,95,https://fr.wikipedia.org/wiki/%C3%89cole_nationale_sup%C3%A9rieure_d%27arts_de_Paris-Cergy,"49.03643, 2.07795",49.03643,2.07795
84,École nationale supérieure des sciences de l'information et des bibliothèques,,public,Auvergne-Rhône-Alpes,69,https://fr.wikipedia.org/wiki/%C3%89cole_nationale_sup%C3%A9rieure_des_sciences_de_l%27information_et_des_biblioth%C3%A8ques,"45.7803, 4.86229",45.7803,4.86229
11,École nationale vétérinaire d'Alfort,,public,Île-de-France,94,https://fr.wikipedia.org/wiki/%C3%89cole_nationale_v%C3%A9t%C3%A9rinaire_d%27Alfort,"48.81474, 2.42152",48.81474,2.42152
52,École supérieure d’agriculture,ESA,privé,Pays de la Loire,49,https://fr.wikipedia.org/wiki/%C3%89cole_sup%C3%A9rieure_des_agricultures,"47.458784, -0.543657",47.458784,-0.543657
44,École supérieure d'art et de design de Reims,ESAD Reims,public,Grand Est,51,https://fr.wikipedia.org/wiki/%C3%89cole_sup%C3%A9rieure_d%27art_et_de_design_de_Reims,"49.252304, 4.029733",49.252304,4.029733
11,Institut national des sciences et techniques nucléaires,INSTN,public,Île-de-France,91,https://fr.wikipedia.org/wiki/Institut_national_des_sciences_et_techniques_nucl%C3%A9aires,"48.723847, 2.153444",48.723847,2.153444
53,Institut supérieur de l'électronique et du numérique de Brest,Yncréa Ouest,privé,Bretagne,29,,"48.407023, -4.495576",48.407023,-4.495576
11,IPAG Business School,,privé,Île-de-France,75,https://fr.wikipedia.org/wiki/IPAG_Business_School,"48.85497, 2.331248",48.85497,2.331248
11,Muséum national d'histoire naturelle,,public,Île-de-France,75,https://fr.wikipedia.org/wiki/Mus%C3%A9um_national_d%27histoire_naturelle,"48.84202, 2.35616",48.84202,2.35616
93,Avignon Université,,public,Provence-Alpes-Côte d'Azur,84,https://fr.wikipedia.org/wiki/Avignon_Universit%C3%A9,"43.95005, 4.81789",43.95005,4.81789
84,École nationale supérieure des arts et techniques du théâtre,,public,Auvergne-Rhône-Alpes,69,https://fr.wikipedia.org/wiki/%C3%89cole_nationale_sup%C3%A9rieure_des_arts_et_techniques_du_th%C3%A9%C3%A2tre,"45.75331, 4.81132",45.75331,4.81132
32,Université d'Artois,,public,Hauts-de-France,62,https://fr.wikipedia.org/wiki/Universit%C3%A9_d%27Artois,"50.2847, 2.79112",50.2847,2.79112
53,Université Bretagne Sud,,public,Bretagne,56,https://fr.wikipedia.org/wiki/Universit%C3%A9_Bretagne-Sud,"47.74618, -3.39072",47.74618,-3.39072
32,Université du Littoral Côte d’Opale,,public,Hauts-de-France,59,https://fr.wikipedia.org/wiki/Universit%C3%A9_du_Littoral-C%C3%B4te-d%27Opale,"51.039, 2.37183",51.039,2.37183
11,Université Paris-Est Créteil,,public,Île-de-France,94,https://fr.wikipedia.org/wiki/Universit%C3%A9_Paris-Est-Cr%C3%A9teil-Val-de-Marne,"48.78852, 2.4437",48.78852,2.4437
44,Y SCHOOLS,Y SCHOOLS,privé,Grand Est,10,https://fr.wikipedia.org/wiki/South_Champagne_Business_School,"48.28417, 4.07982",48.28417,4.07982
53,Brest Business School,Brest BS,privé,Bretagne,29,https://fr.wikipedia.org/wiki/Brest_Business_School,"48.4059433199, -4.5215645694",48.4059433199,-4.5215645694
44,École française d'Athènes,,public,Étranger,10,https://fr.wikipedia.org/wiki/%C3%89cole_fran%C3%A7aise_d%27Ath%C3%A8nes,"37.982222, 23.737778",37.982222,23.737778
53,École spéciale militaire de Saint-Cyr,ESM ST CYR,public,Bretagne,56,https://fr.wikipedia.org/wiki/%C3%89cole_sp%C3%A9ciale_militaire_de_Saint-Cyr,"47.94619, -2.152742",47.94619,-2.152742
11,École supérieure de fonderie et de forge,ESFF,privé,Île-de-France,92,https://fr.wikipedia.org/wiki/%C3%89cole_sup%C3%A9rieure_de_fonderie_et_de_forge,"48.822532, 2.224391",48.822532,2.224391
11,Groupe Institut catholique d'arts et métiers,Groupe ICAM,privé,Île-de-France,75,https://fr.wikipedia.org/wiki/Institut_catholique_d%27arts_et_m%C3%A9tiers,"48.87961, 2.328815",48.87961,2.328815
84,Institut supérieur d’agriculture Rhône-Alpes,Isara-Lyon,privé,Auvergne-Rhône-Alpes,69,https://fr.wikipedia.org/wiki/Institut_sup%C3%A9rieur_d%27agriculture_Rh%C3%B4ne-Alpes,"45.727895, 4.836377",45.727895,4.836377
52,ISMANS,,privé,Pays de la Loire,72,https://fr.wikipedia.org/wiki/Institut_sup%C3%A9rieur_des_mat%C3%A9riaux_du_Mans,"48.019687, 0.157589",48.019687,0.157589
11,"Institut supérieur international du parfum, de la cosmétique et de l'aromatique alimentaire",ISIPCA,privé,Île-de-France,78,,"48.817017, 2.141886",48.817017,2.141886
75,KEDGE Business School,KEDGE BS,privé,Nouvelle-Aquitaine,33,https://fr.wikipedia.org/wiki/Kedge_Business_School,"44.79622, -0.600218",44.79622,-0.600218
0,Université de la Polynésie Française,,public,Collectivités d'outre-mer,98,https://fr.wikipedia.org/wiki/Universit%C3%A9_de_la_Polyn%C3%A9sie_fran%C3%A7aise,"-17.57685, -149.60684",-17.57685,-149.60684
76,Université de Toulouse,,public,Occitanie,31,,"43.561566, 1.463029",43.561566,1.463029
11,Université Paris Nanterre,Paris Nanterre,public,Île-de-France,92,https://fr.wikipedia.org/wiki/Universit%C3%A9_Paris-Nanterre,"48.90329925253182, 2.213155031204224",48.90329925253182,2.213155031204224
53,Université Rennes 2,Rennes II,public,Bretagne,35,https://fr.wikipedia.org/wiki/Universit%C3%A9_Rennes-II,"48.12064, -1.70333",48.12064,-1.70333
84,Université Savoie Mont Blanc,,public,Auvergne-Rhône-Alpes,73,https://fr.wikipedia.org/wiki/Universit%C3%A9_Savoie-Mont-Blanc,"45.56676, 5.9175",45.56676,5.9175
93,Centrale Méditerranée,,public,Provence-Alpes-Côte d'Azur,13,https://fr.wikipedia.org/wiki/Centrale_M%C3%A9diterran%C3%A9e,"43.34136, 5.43829",43.34136,5.43829
24,École française de Rome,EFR,public,Étranger,18,https://fr.wikipedia.org/wiki/%C3%89cole_fran%C3%A7aise_de_Rome,"41.89488, 12.47096",41.89488,12.47096
75,École nationale supérieure de mécanique et d'aérotechnique de Poitiers,,public,Nouvelle-Aquitaine,86,https://fr.wikipedia.org/wiki/%C3%89cole_nationale_sup%C3%A9rieure_de_m%C3%A9canique_et_d%27a%C3%A9rotechnique,"46.661, 0.362013",46.661,0.362013
84,École normale supérieure de Lyon,ENS de Lyon,public,Auvergne-Rhône-Alpes,69,https://fr.wikipedia.org/wiki/%C3%89cole_normale_sup%C3%A9rieure_de_Lyon,"45.7337, 4.83376",45.7337,4.83376
11,École supérieure des techniques aéronautiques et de construction automobile,ESTACA,privé,Île-de-France,78,https://fr.wikipedia.org/wiki/%C3%89cole_sup%C3%A9rieure_des_techniques_a%C3%A9ronautiques_et_de_construction_automobile,"48.787656, 2.041412",48.787656,2.041412
11,École supérieure d'ingénieurs des travaux de la construction de Paris,ESITC Paris,privé,Île-de-France,94,https://fr.wikipedia.org/wiki/%C3%89cole_sup%C3%A9rieure_d%27ing%C3%A9nieurs_des_travaux_de_la_construction_de_Paris,"48.80497, 2.3256",48.80497,2.3256
93,Institut supérieur du bâtiment et des travaux publics,ISBA TP,privé,Provence-Alpes-Côte d'Azur,13,https://fr.wikipedia.org/wiki/Institut_sup%C3%A9rieur_du_b%C3%A2timent_et_des_travaux_publics,"43.247519881264544, 5.437304377555848",43.247519881264544,5.437304377555848
76,Université de Perpignan Via Domitia,,public,Occitanie,66,https://fr.wikipedia.org/wiki/Universit%C3%A9_de_Perpignan,"42.6844, 2.89854",42.6844,2.89854
11,École nationale des sciences géographiques,ENSG-Géomatique,public,Île-de-France,77,https://fr.wikipedia.org/wiki/%C3%89cole_nationale_des_sciences_g%C3%A9ographiques,"48.84105, 2.58736",48.84105,2.58736
11,Ecole Nationale Supérieure des Beaux-Arts de Paris,Beaux-Arts de Paris,public,Île-de-France,75,https://fr.wikipedia.org/wiki/Beaux-Arts_de_Paris,"48.856491, 2.334499",48.856491,2.334499
28,École nationale supérieure maritime,,public,Normandie,76,https://fr.wikipedia.org/wiki/%C3%89cole_nationale_sup%C3%A9rieure_maritime,"49.48841, 0.12238",49.48841,0.12238
11,ESIEE Paris,,privé,Île-de-France,93,,"48.83999, 2.58392",48.83999,2.58392
84,Institut catholique de Lyon,UCLY,privé,Auvergne-Rhône-Alpes,69,https://fr.wikipedia.org/wiki/Universit%C3%A9_catholique_de_Lyon,"45.74658, 4.82637",45.74658,4.82637
11,IAE Paris - Sorbonne Business School,IAE de Paris,public,Île-de-France,75,https://fr.wikipedia.org/wiki/Institut_d%27administration_des_entreprises_de_Paris,"48.83839, 2.348565",48.83839,2.348565
84,Sciences Po Lyon,IEP de Lyon,public,Auvergne-Rhône-Alpes,69,https://fr.wikipedia.org/wiki/Institut_d%27%C3%A9tudes_politiques_de_Lyon,"45.7471, 4.8354",45.7471,4.8354
11,Institut Sup'Biotech de Paris,Sup'Biotech,privé,Île-de-France,94,,"48.798078, 2.35715",48.798078,2.35715
11,Institut supérieur du commerce de Paris,ISC Paris Business School,privé,Île-de-France,75,https://fr.wikipedia.org/wiki/Institut_sup%C3%A9rieur_du_commerce_de_Paris,"48.892604, 2.301231",48.892604,2.301231
28,Université Côte d'Azur,,public,Provence-Alpes-Côte d'Azur,61,,"43.71693, 7.26664",43.71693,7.26664
28,Université de Caen Normandie,UNICAEN,public,Normandie,14,https://fr.wikipedia.org/wiki/Universit%C3%A9_de_Caen-Normandie,"49.18884, -0.36382",49.18884,-0.36382
84,Université Grenoble Alpes,,public,Auvergne-Rhône-Alpes,38,https://fr.wikipedia.org/wiki/Universit%C3%A9_Grenoble-Alpes,"45.19159, 5.76726",45.19159,5.76726
84,Université Lumière - Lyon 2,Lyon II,public,Auvergne-Rhône-Alpes,69,https://fr.wikipedia.org/wiki/Universit%C3%A9_Lumi%C3%A8re-Lyon-II,"45.75061375319093, 4.837181568145753",45.75061375319093,4.837181568145753
0,Université de Mayotte,,public,Mayotte,97,https://fr.wikipedia.org/wiki/Universit%C3%A9_de_Mayotte,"-12.84547, 45.18741",-12.84547,45.18741
28,École de management de Normandie,EM Normandie,privé,Normandie,76,https://fr.wikipedia.org/wiki/EM_Normandie_Business_School,"49.48939, 0.12522",49.48939,0.12522
84,École nationale supérieure d'architecture de Clermont-Ferrand,ENSACF,public,Auvergne-Rhône-Alpes,63,https://fr.wikipedia.org/wiki/%C3%89cole_nationale_sup%C3%A9rieure_d%27architecture_de_Clermont-Ferrand,"45.80157, 3.10341",45.80157,3.10341
28,École nationale supérieure d'architecture de Normandie,Ensa de Normandie,public,Normandie,76,https://fr.wikipedia.org/wiki/%C3%89cole_nationale_sup%C3%A9rieure_d%27architecture_de_Normandie,"49.43767, 1.1373",49.43767,1.1373
93,Sciences Po Aix,IEP d'Aix-en-Provence,public,Provence-Alpes-Côte d'Azur,13,https://fr.wikipedia.org/wiki/Institut_d%27%C3%A9tudes_politiques_d%27Aix-en-Provence,"43.53146, 5.44663",43.53146,5.44663
75,Sciences Po Bordeaux,IEP de Bordeaux,public,Nouvelle-Aquitaine,33,https://fr.wikipedia.org/wiki/Institut_d%27%C3%A9tudes_politiques_de_Bordeaux,"44.79886, -0.61409",44.79886,-0.61409
11,"Institut national du sport, de l'expertise et de la performance",,public,Île-de-France,75,"https://fr.wikipedia.org/wiki/Institut_national_du_sport,_de_l%27expertise_et_de_la_performance","48.833495221568754, 2.454103231430054",48.833495221568754,2.454103231430054
11,Institut polytechnique de Paris,IP Paris,public,Île-de-France,91,https://fr.wikipedia.org/wiki/Institut_polytechnique_de_Paris,"48.71317, 2.21022",48.71317,2.21022
11,Pôle supérieur d'enseignement artistique Paris - Boulogne-Billancourt,PSPBB,public,Île-de-France,75,,"48.878516, 2.320699",48.878516,2.320699
76,TBS Education,,privé,Occitanie,31,https://fr.wikipedia.org/wiki/TBS_Education,"43.610775, 1.429964",43.610775,1.429964
75,Université de Poitiers,Université Poitiers,public,Nouvelle-Aquitaine,86,https://fr.wikipedia.org/wiki/Universit%C3%A9_de_Poitiers,"46.58596, 0.34601",46.58596,0.34601
93,Université de Toulon,Université Toulon,public,Provence-Alpes-Côte d'Azur,83,https://fr.wikipedia.org/wiki/Universit%C3%A9_de_Toulon,"43.1369, 6.01684",43.1369,6.01684
11,École spéciale d'architecture,,privé,Île-de-France,75,https://fr.wikipedia.org/wiki/%C3%89cole_sp%C3%A9ciale_d%27architecture,"48.837534, 2.330967",48.837534,2.330967
53,Université de Rennes,UNIVRENNES,public,Bretagne,35,https://fr.wikipedia.org/wiki/Universit%C3%A9_de_Rennes,"48.114339, -1.636424",48.114339,-1.636424
93,Aix-Marseille Université,amU,public,Provence-Alpes-Côte d'Azur,13,https://fr.wikipedia.org/wiki/Universit%C3%A9_d%27Aix-Marseille,"43.2935, 5.35781",43.2935,5.35781
11,École du Louvre,EDL,public,Île-de-France,75,https://fr.wikipedia.org/wiki/%C3%89cole_du_Louvre,"48.86091, 2.33094",48.86091,2.33094
11,École nationale supérieure d'architecture de Paris-Malaquais,ENSAPM,public,Île-de-France,75,https://fr.wikipedia.org/wiki/%C3%89cole_nationale_sup%C3%A9rieure_d%27architecture_de_Paris-Malaquais,"48.85669993265381, 2.3335433006286626",48.85669993265381,2.3335433006286626
76,École nationale supérieure d'architecture de Toulouse,ENSA Toulouse,public,Occitanie,31,https://fr.wikipedia.org/wiki/%C3%89cole_nationale_sup%C3%A9rieure_d%27architecture_de_Toulouse,"43.579717, 1.397345",43.579717,1.397345
11,École nationale supérieure des arts décoratifs,ÉnsAD-Paris,public,Île-de-France,75,https://fr.wikipedia.org/wiki/%C3%89cole_nationale_sup%C3%A9rieure_des_arts_d%C3%A9coratifs,"48.84278, 2.34466",48.84278,2.34466
11,Facultés Libres de Philosophie et de Psychologie,IPC,privé,Île-de-France,75,https://fr.wikipedia.org/wiki/IPC_-_Facult%C3%A9s_libres_de_philosophie_et_de_psychologie,"48.838, 2.33569",48.838,2.33569
44,Institut national des sciences appliquées de Strasbourg,INSA de Strasbourg,public,Grand Est,67,https://fr.wikipedia.org/wiki/Institut_national_des_sciences_appliqu%C3%A9es_de_Strasbourg,"48.582266, 7.764893",48.582266,7.764893
0,Université de Guyane,Université Guyane,public,Guyane,97,https://fr.wikipedia.org/wiki/Universit%C3%A9_de_Guyane,"4.93174, -52.30102",4.93174,-52.30102
76,Nîmes université,,public,Occitanie,30,,"43.84259819152813, 4.357001781463624",43.84259819152813,4.357001781463624
84,Université Jean Monnet,,public,Auvergne-Rhône-Alpes,42,,"45.424706, 4.392766",45.424706,4.392766
76,Université de Montpellier,,public,Occitanie,34,,"43.61494, 3.87347",43.61494,3.87347
11,Centre des hautes études de la construction,,privé,Île-de-France,94,https://fr.wikipedia.org/wiki/Centre_des_hautes_%C3%A9tudes_de_la_construction,"48.800733327820986, 2.327309846878052",48.800733327820986,2.327309846878052
53,ECAM Rennes Louis de Broglie,ECAM Rennes,privé,Bretagne,35,https://fr.wikipedia.org/wiki/ECAM_Louis_de_Broglie,"48.04692, -1.74357",48.04692,-1.74357
84,École supérieure de chimie physique électronique de Lyon,CPE Lyon,privé,Auvergne-Rhône-Alpes,69,"https://fr.wikipedia.org/wiki/%C3%89cole_sup%C3%A9rieure_de_chimie,_physique,_%C3%A9lectronique_de_Lyon","45.78415, 4.868928",45.78415,4.868928
52,École supérieure d'électronique de l'Ouest,ESEO,privé,Pays de la Loire,49,https://fr.wikipedia.org/wiki/%C3%89cole_sup%C3%A9rieure_d%27%C3%A9lectronique_de_l%27Ouest,"47.493396, -0.550804",47.493396,-0.550804
11,Institut national des langues et civilisations orientales,INALCO,public,Île-de-France,75,https://fr.wikipedia.org/wiki/Institut_national_des_langues_et_civilisations_orientales,"48.82725533443922, 2.376024127006531",48.82725533443922,2.376024127006531
11,Conservatoire national des arts et métiers,,public,Île-de-France,75,https://fr.wikipedia.org/wiki/Conservatoire_national_des_arts_et_m%C3%A9tiers,"48.86675796735145, 2.3554462194442753",48.86675796735145,2.3554462194442753
11,École nationale supérieure d'architecture de Paris-La Villette,ENSAPLV,public,Île-de-France,75,https://fr.wikipedia.org/wiki/%C3%89cole_nationale_sup%C3%A9rieure_d%27architecture_de_Paris-La_Villette,"48.89325, 2.38192",48.89325,2.38192
11,École nationale supérieure d'informatique pour l'industrie et l'entreprise,,public,Île-de-France,91,https://fr.wikipedia.org/wiki/%C3%89cole_nationale_sup%C3%A9rieure_d%27informatique_pour_l%27industrie_et_l%27entreprise,"48.6262, 2.43202",48.6262,2.43202
52,École supérieure des sciences commerciales d'Angers,,privé,Pays de la Loire,49,https://fr.wikipedia.org/wiki/%C3%89cole_sup%C3%A9rieure_des_sciences_commerciales_d%27Angers,"47.47636, -0.60065",47.47636,-0.60065
53,Institut catholique de Rennes,,privé,Bretagne,35,https://fr.wikipedia.org/wiki/Institut_catholique_de_Rennes,"48.04855, -1.74461",48.04855,-1.74461
11,Institut national d'histoire de l'art,,public,Île-de-France,75,https://fr.wikipedia.org/wiki/Institut_national_d%27histoire_de_l%27art,"48.866499, 2.338842",48.866499,2.338842
76,Institut national universitaire Jean-François Champollion,INU Albi,public,Occitanie,81,https://fr.wikipedia.org/wiki/Institut_national_universitaire_Jean-Fran%C3%A7ois-Champollion,"43.92, 2.139",43.92,2.139
11,Institut polytechnique des sciences avancées,IPSA,privé,Île-de-France,94,https://fr.wikipedia.org/wiki/Institut_polytechnique_des_sciences_avanc%C3%A9es,"48.814007, 2.393909",48.814007,2.393909
76,MBS,,privé,Occitanie,34,https://fr.wikipedia.org/wiki/Montpellier_Business_School,"43.621491, 3.833542",43.621491,3.833542
11,Université Paris sciences et lettres,Université PSL,public,Île-de-France,75,https://fr.wikipedia.org/wiki/Universit%C3%A9_Paris_Sciences_et_Lettres,"48.85464, 2.33785",48.85464,2.33785
32,Centrale Lille Institut,,public,Hauts-de-France,59,https://fr.wikipedia.org/wiki/%C3%89cole_centrale_de_Lille,"50.60648, 3.13757",50.60648,3.13757
52,École d'ingénieur d'agro-développement international,ISTOM,privé,Pays de la Loire,49,https://fr.wikipedia.org/wiki/ISTOM_-_%C3%89cole_sup%C3%A9rieure_d%27agro-d%C3%A9veloppement_international,"47.4776, -0.60052",47.4776,-0.60052
11,École nationale supérieure d'architecture de Paris-Belleville,ENSAPB,public,Île-de-France,75,https://fr.wikipedia.org/wiki/%C3%89cole_nationale_sup%C3%A9rieure_d%27architecture_de_Paris-Belleville,"48.87529688720956, 2.3746132850646977",48.87529688720956,2.3746132850646977
11,École nationale supérieure de l'électronique et de ses applications de Cergy,,public,Île-de-France,95,https://fr.wikipedia.org/wiki/%C3%89cole_nationale_sup%C3%A9rieure_de_l%27%C3%A9lectronique_et_de_ses_applications,"49.03937306943779, 2.0727896690368657",49.03937306943779,2.0727896690368657
11,École pour l'informatique et les techniques avancées,EPITA,privé,Île-de-France,94,https://fr.wikipedia.org/wiki/%C3%89cole_pour_l%27informatique_et_les_techniques_avanc%C3%A9es,"48.815598, 2.362943",48.815598,2.362943
76,Sciences Po Toulouse,IEP de Toulouse,public,Occitanie,31,https://fr.wikipedia.org/wiki/Institut_d%27%C3%A9tudes_politiques_de_Toulouse,"43.605603, 1.431672",43.605603,1.431672
0,Université de la Nouvelle-Calédonie,,public,Collectivités d'outre-mer,98,https://fr.wikipedia.org/wiki/Universit%C3%A9_de_la_Nouvelle-Cal%C3%A9donie,"-22.26356, 166.40405",-22.26356,166.40405
24,Université de Tours,Université Tours,public,Centre-Val de Loire,37,https://fr.wikipedia.org/wiki/Universit%C3%A9_de_Tours,"47.38376, 0.67367",47.38376,0.67367
0,Université des Antilles,,public,Guadeloupe,97,https://fr.wikipedia.org/wiki/Universit%C3%A9_des_Antilles,"16.22505, -61.53016",16.22505,-61.53016
11,Université d'Évry-Val-d'Essonne,,public,Île-de-France,91,https://fr.wikipedia.org/wiki/Universit%C3%A9_d%27%C3%89vry,"48.62425, 2.42738",48.62425,2.42738
93,ISEN Yncréa Méditerranée,Yncréa Méditerranée,privé,Provence-Alpes-Côte d'Azur,83,,"43.12073, 5.93921",43.12073,5.93921
52,Audencia Business School,Audencia,privé,Pays de la Loire,44,https://fr.wikipedia.org/wiki/Audencia,"47.20614754106199, -1.5749502182006836",47.20614754106199,-1.5749502182006836
11,École des hautes études en sciences sociales,,public,Île-de-France,75,https://fr.wikipedia.org/wiki/%C3%89cole_des_hautes_%C3%A9tudes_en_sciences_sociales,"48.850176, 2.326849",48.850176,2.326849
76,École nationale supérieure de formation de l’enseignement agricole,,public,Occitanie,31,https://fr.wikipedia.org/wiki/%C3%89cole_nationale_sup%C3%A9rieure_de_formation_de_l%27enseignement_agricole,"43.534875, 1.486908",43.534875,1.486908
28,École supérieure d'art et design Le Havre-Rouen,ESADHaR,public,Normandie,76,https://fr.wikipedia.org/wiki/%C3%89cole_sup%C3%A9rieure_d%27art_et_design_Le_Havre-Rouen,"49.44816, 1.13727",49.44816,1.13727
28,BUILDERS École d'ingénieurs,BUILDERS Caen,privé,Normandie,14,https://fr.wikipedia.org/wiki/Builders_%C3%89cole_d%E2%80%99ing%C3%A9nieurs,"49.2163, -0.366436",49.2163,-0.366436
32,Hautes études d'ingénieur,,privé,Hauts-de-France,59,https://fr.wikipedia.org/wiki/%C3%89cole_des_hautes_%C3%A9tudes_d%27ing%C3%A9nieur,"50.633728, 3.04502",50.633728,3.04502
32,Skema Business School,Skema,privé,Hauts-de-France,59,https://fr.wikipedia.org/wiki/Skema_Business_School,"50.63642, 3.07581",50.63642,3.07581
11,Université Paris Cité,UP Cité,public,Île-de-France,75,https://fr.wikipedia.org/wiki/Universit%C3%A9_Paris-Cit%C3%A9,"48.851906, 2.340105",48.851906,2.340105
32,Université de Picardie Jules-Verne,,public,Hauts-de-France,80,https://fr.wikipedia.org/wiki/Universit%C3%A9_de_Picardie_Jules-Verne,"49.87584, 2.26446",49.87584,2.26446
44,Université de Reims Champagne-Ardenne,URCA,public,Grand Est,51,https://fr.wikipedia.org/wiki/Universit%C3%A9_de_Reims-Champagne-Ardenne,"49.23278, 4.00825",49.23278,4.00825
93,Ecole de l'air et de l'espace,,public,Provence-Alpes-Côte d'Azur,13,https://fr.wikipedia.org/wiki/%C3%89cole_de_l%27air_et_de_l%27espace,"43.624652, 5.111764",43.624652,5.111764
75,EIGSI La Rochelle,,privé,Nouvelle-Aquitaine,17,https://fr.wikipedia.org/wiki/%C3%89cole_d%27ing%C3%A9nieurs_g%C3%A9n%C3%A9ralistes_-_La_Rochelle,"46.13977, -1.15462",46.13977,-1.15462
11,École française d'Extrême-Orient,,public,Île-de-France,75,https://fr.wikipedia.org/wiki/%C3%89cole_fran%C3%A7aise_d%27Extr%C3%AAme-Orient,"48.86451, 2.2922",48.86451,2.2922
11,École nationale des ponts et chaussées,,public,Île-de-France,77,https://fr.wikipedia.org/wiki/%C3%89cole_nationale_des_ponts_et_chauss%C3%A9es,"48.8411, 2.58822",48.8411,2.58822
52,"École nationale vétérinaire, agroalimentaire et de l'alimentation, Nantes-Atlantique",,public,Pays de la Loire,44,"https://fr.wikipedia.org/wiki/%C3%89cole_nationale_v%C3%A9t%C3%A9rinaire,_agroalimentaire_et_de_l%27alimentation_de_Nantes-Atlantique","47.28936365193973, -1.5242886543273928",47.28936365193973,-1.5242886543273928
76,Toulouse INP,Toulouse INP,public,Occitanie,31,https://fr.wikipedia.org/wiki/Institut_national_polytechnique_de_Toulouse,"43.55539, 1.50391",43.55539,1.50391
75,Bordeaux INP,,public,Nouvelle-Aquitaine,33,https://fr.wikipedia.org/wiki/Institut_polytechnique_de_Bordeaux,"44.80572, -0.60506",44.80572,-0.60506
84,Institut textile et chimique,ITECH,privé,Auvergne-Rhône-Alpes,69,https://fr.wikipedia.org/wiki/Institut_textile_et_chimique_de_Lyon,"45.7860356236494, 4.767680168151856",45.7860356236494,4.767680168151856
52,Université d'Angers,,public,Pays de la Loire,49,https://fr.wikipedia.org/wiki/Universit%C3%A9_d%27Angers,"47.47687, -0.549657",47.47687,-0.549657
11,Université de Versailles Saint-Quentin-en-Yvelines,UVSQ,public,Île-de-France,78,https://fr.wikipedia.org/wiki/Universit%C3%A9_de_Versailles_%E2%80%93_Saint-Quentin-en-Yvelines,"48.79959, 2.14159",48.79959,2.14159
24,Université d'Orléans,,public,Centre-Val de Loire,45,https://fr.wikipedia.org/wiki/Universit%C3%A9_d%27Orl%C3%A9ans,"47.85065, 1.93397",47.85065,1.93397
11,Université Paris 8 - Vincennes - Saint-Denis,Paris VIII,public,Île-de-France,93,https://fr.wikipedia.org/wiki/Universit%C3%A9_Paris-VIII-Vincennes-Saint-Denis,"48.94546189184585, 2.3625862598419194",48.94546189184585,2.3625862598419194
11,Institut français de la mode,,privé,Île-de-France,75,https://fr.wikipedia.org/wiki/Institut_fran%C3%A7ais_de_la_mode,"48.84062, 2.36998",48.84062,2.36998
11,École de biologie industrielle,EBI,privé,Île-de-France,95,https://fr.wikipedia.org/wiki/%C3%89cole_de_biologie_industrielle,"49.032934, 2.065594",49.032934,2.065594
76,École nationale de la météorologie,ENM,public,Occitanie,31,https://fr.wikipedia.org/wiki/%C3%89cole_nationale_de_la_m%C3%A9t%C3%A9orologie,"43.57598, 1.37422",43.57598,1.37422
53,École navale,,public,Bretagne,29,https://fr.wikipedia.org/wiki/%C3%89cole_navale,"48.279263, -4.417857",48.279263,-4.417857
52,Facultés libres de l'Ouest,FLO,privé,Pays de la Loire,49,https://fr.wikipedia.org/wiki/Universit%C3%A9_catholique_de_l%27Ouest,"47.46273, -0.54616",47.46273,-0.54616
11,"Institut national d'enseignement supérieur pour l'agriculture, l'alimentation et l'environnement",Institut Agro,public,Île-de-France,75,"https://fr.wikipedia.org/wiki/Institut_national_d%27enseignement_sup%C3%A9rieur_pour_l%27agriculture,_l%27alimentation_et_l%27environnement","48.86275, 2.28215",48.86275,2.28215
11,ISAE-Supméca,,public,Île-de-France,93,https://fr.wikipedia.org/wiki/Institut_sup%C3%A9rieur_de_m%C3%A9canique_de_Paris,"48.9198, 2.33287",48.9198,2.33287
76,Institut supérieur des arts de Toulouse,ISDAT,public,Occitanie,31,https://fr.wikipedia.org/wiki/Institut_sup%C3%A9rieur_des_arts_et_du_design_de_Toulouse,"43.600624, 1.439737",43.600624,1.439737
28,Université Le Havre Normandie,,public,Normandie,76,https://fr.wikipedia.org/wiki/Universit%C3%A9_Le_Havre_Normandie,"49.49647, 0.12896",49.49647,0.12896
11,Université Paris-Panthéon-Assas,Panthéon-Assas,public,Île-de-France,75,https://fr.wikipedia.org/wiki/Universit%C3%A9_Paris-Panth%C3%A9on-Assas,"48.846806, 2.344888",48.846806,2.344888
